"4","ECD","Address","2019-10-14 09:35:49","12345","noemiclements@domain.com","1",
"5","Test District 2","address 2","2019-10-14 09:43:59","5322","loremipsum@domain.com","1",
"6","Test District 3","address 3","2019-10-14 09:48:29","3235","noemiclements@domain.com","1",
"7","Test District 3","test","2019-10-14 10:10:52",,"loremipsum@domain.com","1",
"8","Test District 4","address","2019-10-14 10:11:56","3235","loremipsum@domain.com","1",
"9","Test District 6","address","2019-10-14 10:48:27","322322","loremipsum@domain.com","1",
"10","East Francistown","address 5","2019-10-14 10:49:15","123456",,"1",
"11","District ONE","Joburg","2020-02-03 10:13:25","1234567027","mitilenik@toc.adventist.org","34",
"25","Mguza","address Z","2019-12-26 13:51:31","123456","nadchif@gmail.com","1",
"26","Beacon","address Y","2019-12-26 13:51:31","234567","keller@test.com","1",
"27","Matebeleland","address X, of street A and House's B","2019-12-26 13:51:31","345678","nadchif@gmail.com","1",
"28","Central","address W","2019-12-26 13:51:31","456789","dchifsolutions@gmail.com","1",
"38","AMguza","address Z","2019-12-26 18:50:47","123456",,"1",
"39","test test","test test test test ","2020-01-13 15:30:30","987654",,"1",
"40","Medallo","Medellin","2020-01-16 11:26:51","4245197410","testing1@sid.adventist.org","1",
"41"," Medallo"," Av Republica","2020-01-16 11:35:36","4245432119",,"1",
"42","Bqto","Barquisimeto","2020-01-16 11:37:30","4245197410","testing1@sid.adventist.org","1",
"43","cabudare","El Paraiso","2020-01-16 11:39:34","4245197410","testing@sid.adventist.org","1",
"44","Medallo","Santa Marta","2020-01-20 09:20:34","711234556","testing1@sid.adventist.org","1",
"45","Beacon of Hope33","test","2020-02-03 10:59:45","1242414",,"1",
"46","Oshakati Mission District","113 Eliander Mwatala Street, Oshakati West","2020-02-13 09:20:18","811588906","ntemad@northnamibia.adventist.org","30",
"47","Ondangwa Mission District","Omashaka, Ondangwa","2020-02-13 09:22:33","811546664",,"30",
"48","Sangwali Mission District","Kanono","2020-02-13 15:09:50","811459703","dmatanga.matanga.daniel@gmail.com","30",
"49","Katima West Mission District","Katima Mulilo","2020-02-13 15:12:54","812098527","chibuduo@gmail.com","30",
"50","Divundu Mission District","Divundu","2020-02-16 09:47:04","811457949",,"30",
"51","Rundu Mission District","Sam Nujoma Drive
Rundu","2020-02-16 09:49:55","264811488125",,"30",
"52","Bukalo Mission District","Zambezi East","2020-02-16 10:03:02","264812310676",,"30",
"53","Katima East Mission District","456 Chaka Street
Soweto, KM","2020-02-16 10:05:00",,,"30",
"54","Windhoek Central District","Windhoek, Namibia","2020-03-05 07:40:52",,,"32",
"55","Windhoek South District","Windhoek, Namibia","2020-03-05 07:41:23",,,"32",
"56","Windhoek North District","Windhoek, Namibia","2020-03-05 07:42:03",,,"32",
"57","Windhoek West District","Windhoek, Namibia","2020-03-05 07:42:59",,,"32",
"58","Gobabis District","Namibia","2020-03-05 07:43:32",,,"32",
"59","Otjiwarongo District","Namibia","2020-03-05 07:44:04",,,"32",
"60","Grootfontein District","Namibia","2020-03-05 07:44:34",,,"32",
"61","Luderitz District","Namibia","2020-03-05 07:44:56",,,"32",
"62","Keetmanshoop District","Namibia","2020-03-05 07:45:21",,,"32",
"63","Hardap District","Namibia","2020-03-05 07:50:46",,,"32",
"65","Karibib District","Namibia","2020-03-05 07:51:06",,,"32",
"66","Swakopmund District","Namibia","2020-03-05 07:51:22",,,"32",
"67","Kunene District","Namibia","2020-03-05 07:51:44",,,"32",
"68","Mama Mission District","Mahachana","2020-03-07 17:01:08",,,"30",
"69","Avondale","Lusaka","2020-10-14 11:48:10",,,"53",
"70","Brentwood","Lusaka","2020-10-14 11:50:27",,,"53",
"71","Chalimbana","Chongwe","2020-10-14 11:51:10",,,"53",
"72","Chilenje","Lusaka","2020-10-14 11:51:39",,,"53",
"73","Chinyunyu","Chinyunyu","2020-10-14 11:53:10",,,"53",
"74","Chipapa","Chilanga","2020-10-14 11:53:27",,,"53",
"75","Golfview","Lusaka","2020-10-14 11:56:03",,,"53",
"77","Kafue","Kafue","2020-10-14 11:58:48",,,"53",
"78","Lake Road","Lusaka","2020-10-14 11:59:16",,,"53",
"79","Ibex Hills","Lusaka","2020-10-14 12:00:57",,,"53",
"80","Libala","Lusaka","2020-10-14 12:01:55",,,"53",
"81","Luangwa","Eastern Terrain","2020-10-14 12:02:41",,,"53",
"82","Lwiimba","Chongwe","2020-10-14 12:03:10",,,"53",
"83","Mtendere","Lusaka","2020-10-14 12:04:08",,,"53",
"84","Rufunsa","Rufunsa","2020-10-14 12:04:28",,,"53",
"85","Chawama","Makeni","2020-10-14 12:04:31",,,"36",
"86","Bedrock","Lusaka","2020-10-14 12:04:55",,,"53",
"87","Chainama","Lusaka","2020-10-14 12:05:10",,,"53",
"88","Estates","Kafue","2020-10-14 12:05:10",,,"36",
"89","CHILANGA","CHILANGA","2020-10-15 11:17:41",,,"36",
"90","JOHN LAING","MAKENI","2020-10-15 11:18:33","978542057",,"36",
"91","KABWATA","KABWATA/KAMWALA","2020-10-15 11:19:26",,,"36",
"92","KAMULANGA","CHAWAMA AREA","2020-10-15 11:20:10",,,"36",
"93","KAMWALA","KAMWALA ","2020-10-15 11:20:56","979304364",,"36",
"94","KANYAMA","KANYAMA","2020-10-15 11:22:09",,,"36",
"95","KEEZWA","MUMBWA","2020-10-15 11:22:37",,,"36",
"96","LUSAKA CENTRAL","LUSAKA","2020-10-15 11:23:03",,,"36",
"97","LUTALE","MUMBWA","2020-10-15 11:23:35",,,"36",
"99","MAKENI","LUSAKA","2020-10-15 11:26:32",,,"36",
"100","MAKENI VILLA","KANYAMA","2020-10-15 11:26:58",,,"36",
"101","MUCHABI","MUMBWA","2020-10-15 11:27:24",,,"36",
"102","MUKULAIKWA","SHIBUYUNJI","2020-10-15 11:27:51",,,"36",
"103","MUTABA","SHIBUYUNJI","2020-10-15 11:28:27",,,"36",
"104","MOONO","MUMBWA","2020-10-15 11:29:01",,,"36",
"105","NALUBANDA","MUMBWA","2020-10-15 11:29:28","977589997",,"36",
"106","NANGOMA","MUMBWA","2020-10-15 11:30:09",,,"36",
"107","SALA","SHIBUYUNJI","2020-10-15 11:57:48",,,"36",
"108","SHIBUYUNJI","SHIBUYUNJI","2020-10-15 11:58:25",,,"36",
"109","SHORTHORN","KANYAMA","2020-10-15 11:59:04",,,"36",
"110","WESTWOOD","SHIBUYUNJI","2020-10-15 11:59:30",,,"36",
"111","Area 3","Central Malawi Conference, Private Bag B516, Lilongwe","2020-11-02 11:23:19","999473638",,"12",
"112","Area 18","Central Malawi Conference, Private Bag B516, Lilongwe","2020-11-02 11:25:53","884435237",,"12",
"113","Area 23","Central Malawi Conference, Private Bag B516, Lilongwe","2020-11-02 11:27:41","993965574",,"12",
"114","Bilira","Central Malawi Conference, Private Bag B516, Lilongwe","2020-11-02 11:36:47","999170259","pindanic@cmc.adventist.org","12",
"115","Biwi","Central Malawi Conference, Private Bag B516, Lilongwe","2020-11-03 14:37:00","888508712",,"12",
"116","Chamama","Central Malawi Conference, Private Bag B516, Lilongwe","2020-11-03 14:38:16","999170259",,"12",
"117","Changa","Central Malawi Conference, Private Bag B516, Lilongwe","2020-11-03 14:39:07","991625972",,"12",
"118","Chilinde","Central Malawi Conference, Private Bag B516, Lilongwe","2020-11-03 14:39:42","993864100",,"12",
"120","Chipoka","Central Malawi Conference, Private Bag B516, Lilongwe","2020-11-03 14:41:47","996741763",,"12",
"121","Dedza","Central Malawi Conference, Private Bag B516, Lilongwe","2020-11-03 14:42:40","884340220",,"12",
"122","Dowa","Central Malawi Conference, Private Bag B516, Lilongwe","2020-11-03 14:43:20","999493870",,"12",
"123","Dwangwa","Central Malawi Conference, Private Bag B516, Lilongwe","2020-11-03 14:46:33","995717846",,"12",
"126","Kandeu","Central Malawi Conference, Private Bag B516, Lilongwe","2020-11-03 14:50:53","998024031",,"12",
"127","Kachere","Central Malawi Conference, Private Bag B516, Lilongwe","2020-11-03 14:51:24","881860955",,"12",
"128","Kasiya","Central Malawi Conference, Private Bag B516, Lilongwe","2020-11-03 14:51:42",,,"12",
"129","Kasungu","Central Malawi Conference, Private Bag B516, Lilongwe","2020-11-03 14:52:16","881741773",,"12",
"130","Kawale","Central Malawi Conference, Private Bag B516, Lilongwe","2020-11-03 14:52:51","997934952",,"12",
"131","Lakeview","Central Malawi Conference, Private Bag B516, Lilongwe","2020-11-03 14:54:49","999365423",,"12",
"132","Likuni","Central Malawi Conference, Private Bag B516, Lilongwe","2020-11-03 14:55:22","999359675",,"12",
"133","Lilongwe Central Church","Central Malawi Conference, Private Bag B516, Lilongwe","2020-11-03 14:55:59","996814483",,"12",
"134","Lilongwe East","Central Malawi Conference, Private Bag B516, Lilongwe","2020-11-03 14:56:40","995606829",,"12",
"135","Lilongwe North West","Central Malawi Conference, Private Bag B516, Lilongwe","2020-11-03 14:57:56","999753060",,"12",
"136","Lilongwe North East","Central Malawi Conference, Private Bag B516, Lilongwe","2020-11-03 14:58:29","999178196",,"12",
"137","Lilongwe South","Central Malawi Conference, Private Bag B516, Lilongwe","2020-11-03 14:59:00","888502852",,"12",
"138","Lilongwe West","Central Malawi Conference, Private Bag B516, Lilongwe","2020-11-03 15:01:09","991304365",,"12",
"139","Lingadzi","Central Malawi Conference, Private Bag B516, Lilongwe","2020-11-03 15:02:11","888553536",,"12",
"140","Lizulu","Central Malawi Conference, Private Bag B516, Lilongwe","2020-11-03 15:04:30","999277671",,"12",
"141","Lumbadzi","Central Malawi Conference, Private Bag B516, Lilongwe","2020-11-03 15:05:21","991783099",,"12",
"142","Malingunde","Central Malawi Conference, Private Bag B516, Lilongwe","2020-11-03 15:06:20","999475616",,"12",
"143","Malomo","Central Malawi Conference, Private Bag B516, Lilongwe","2020-11-03 15:06:47","999197547",,"12",
"144","Mayani","Central Malawi Conference, Private Bag B516, Lilongwe","2020-11-03 15:07:36","995606803",,"12",
"145","Mbwatalika","Central Malawi Conference, Private Bag B516, Lilongwe","2020-11-03 15:08:04","999716598",,"12",
"146","Mchezi","Central Malawi Conference, Private Bag B516, Lilongwe","2020-11-03 15:08:46","993399039",,"12",
"147","Mchinji","Central Malawi Conference, Private Bag B516, Lilongwe","2020-11-03 15:09:14","999923038",,"12",
"148","Mkanda","Central Malawi Conference, Private Bag B516, Lilongwe","2020-11-03 15:13:03","885439697",,"12",
"149","Mphate","Central Malawi Conference, Private Bag B516, Lilongwe","2020-11-03 15:15:29","999768476",,"12",
"150","Mponela","Central Malawi Conference, Private Bag B516, Lilongwe","2020-11-03 15:15:55","999602325",,"12",
"151","Mtakataka","Central Malawi Conference, Private Bag B516, Lilongwe","2020-11-03 15:16:22","995667746",,"12",
"152","Mtunthama","Central Malawi Conference, Private Bag B516, Lilongwe","2020-11-03 15:16:59","888878873",,"12",
"153","Namitete","Central Malawi Conference, Private Bag B516, Lilongwe","2020-11-03 15:17:29","999141017",,"12",
"154","Nampala","Central Malawi Conference, Private Bag B516, Lilongwe","2020-11-03 15:18:15","888592050",,"12",
"155","Nanyangu","Central Malawi Conference, Private Bag B516, Lilongwe","2020-11-03 15:18:36",,,"12",
"156","Namwalikwawo","Central Malawi Conference, Private Bag B516, Lilongwe","2020-11-03 15:19:27","995188396",,"12",
"157","Nkhotakota","Central Malawi Conference, Private Bag B516, Lilongwe","2020-11-03 15:19:49","888596700",,"12",
"158","Ntcheu","Central Malawi Conference, Private Bag B516, Lilongwe","2020-11-03 15:22:15","999387273",,"12",
"159","Ntchisi","Central Malawi Conference, Private Bag B516, Lilongwe","2020-11-03 15:24:00","881934771",,"12",
"160","Phirilongwe","Central Malawi Conference, Private Bag B516, Lilongwe","2020-11-03 15:24:29",,,"12",
"161","Saiwa","Central Malawi Conference, Private Bag B516, Lilongwe","2020-11-03 15:25:20","999795367",,"12",
"162","Salima","Central Malawi Conference, Private Bag B516, Lilongwe","2020-11-03 15:27:13","999702661",,"12",
"163","Malombe","Central Malawi Conference, Private Bag B516, Lilongwe","2020-11-03 15:30:31","888212358",,"12",
"164","Malombe","Central Malawi Conference, Private Bag B516, Lilongwe","2020-11-03 15:32:03","888212358",,"12",
"165","Senzani","Central Malawi Conference, Private Bag B516, Lilongwe","2020-11-03 15:32:41","992169011",,"12",
"166","Thete","Central Malawi Conference, Private Bag B516, Lilongwe","2020-11-03 15:33:45","995273826",,"12",
"167","Tsangano","Central Malawi Conference, Private Bag B516, Lilongwe","2020-11-03 15:35:46","998311377",,"12",
"168","Bunda","Central Malawi Conference, Private Bag B516, Lilongwe","2020-11-04 07:32:41","888508712",,"12",
"170","Kakhobwe","CMC","2020-12-17 03:39:46","996000263","anthonygeorgebanda@gmail.com","12",
"171","Kabulonga","Lusaka","2021-01-26 19:11:32",,,"53",
"172","Njanji","Lusaka","2021-01-26 19:12:46",,,"53",
"173","Mulobezi Mission District","Mulobezi","2021-01-27 12:01:26","00260977110816",,"39",
"174","Mongu Central Mission District","Mongu","2021-01-28 17:32:27","955171765",,"39",
"175","Nkeyema Mission District","Nkeyema","2021-02-04 20:39:53","260",,"39",
"176","thnm","3465 tyughin","2021-03-02 16:04:22","23647586907890",,"4",
"177","Kapata Mission District","P.O. Box 511031, Chipata","2021-03-05 08:55:59","977845878",,"37",
"178","Chipata East Mission District","P. O. Box 511031, Chipata","2021-03-05 08:58:45","977925285",,"37",
"179","Mwami Mission District","Private Bag 5, Chipata","2021-03-05 09:00:49","977975688",,"37",
"180","Chipata Central Mission District","P. O. Box 511031","2021-03-05 09:17:52","978471527",,"37",
"181","Chipata West Mission District","P. O. Box 511031","2021-03-05 09:21:00","978375677",,"37",
"182","Petauke West Mission District","P. O. Box  560214","2021-03-05 09:38:55","979573019",,"37",
"183","Petauke East Mission District","P. O. Box 560024","2021-03-05 09:44:36","979913897",,"37",
"184","Sinda Mission District","P. O. Box 580059","2021-03-05 09:52:38","975373999",,"37",
"185","Katete Mission District","P. O. Box 550079","2021-03-05 10:02:37","972556699",,"37",
"186","Chipembe Mission District","P. O. Box 570027","2021-03-05 10:08:20","978344359",,"37",
"187","Lundazi Mission District","530266","2021-03-05 10:15:53","978314187",,"37",
"188","Nyimba Mission District","P. O. Box 570130","2021-03-05 10:17:48","978251711",,"37",
"189","Chadiza Mission District","P. O. Box 520112","2021-03-05 10:34:53","976648410",,"37",
"190","Khova Mission District","P. O. Box 511031, Chipata","2021-03-05 10:37:13","972136193",,"37",
"191","Mfuwe Mission District","P. O. Box 90","2021-03-05 10:50:10","973118249",,"37",
"192","Vubwi Mission District","P. O. Box 511031","2021-03-05 10:51:48","976899208",,"37",
"193","Kazimule Mission District","P. O. Box 511031","2021-03-05 10:57:29","978670936",,"37",
"194","Chipata North Mission District","P. O. Box 511031","2021-03-05 11:01:35","977439383",,"37",
"195","Chipangali Mission District","P. O. Box 511031","2021-03-05 11:03:47","979046923",,"37",
"196","Lumezi Mission District","P. O. Box 511031","2021-03-05 11:10:30","974300767",,"37",
"197","Chama Mission District","C/O East Zambia Field","2021-03-05 11:12:46","979454551",,"37",
"198","Mambwe Mission District","P. O. Box Mambwe ","2021-03-05 11:30:41","978587638",,"37",
"199","Gaborone District 1","Plot 1024 Ledumadumane","2021-03-11 16:07:21","26771624469",,"2",
"201","Gaborone District 3","Plot 1024 Ledumadumane","2021-03-11 16:21:52","26773776075",,"2",
"202","Gaborone District 4","Plot 1024 Ledumadumane","2021-03-11 16:23:26","26776668399",,"2",
"203","Gaborone District 5","Plot 1024 Ledumadumane","2021-03-11 16:24:55","26773789020",,"2",
"204","Gaborone District 6","Plot 1024 Ledumadumane","2021-03-11 16:27:03","26771716637",,"2",
"205","Gaborone District 7","Plot 1024 Ledumadumane","2021-03-11 16:28:32","26775520412",,"2",
"206","Gaborone District 8","Plot 1024 Ledumadumane","2021-03-11 16:29:35","26773331475",,"2",
"207","Metsimotlhabe","Plot 1024 Ledumadumane","2021-03-11 16:30:27","26772849149",,"2",
"208","Lobatse","Plot 1024 Ledumadumane","2021-03-11 16:31:06","26771504653",,"2",
"209","Mochudi","Plot 1024 Ledumadumane","2021-03-11 16:32:58","26777670029",,"2",
"210","Molepolole District 1","Plot 1024 Ledumadumane","2021-03-11 16:33:43","26776347853",,"2",
"211","Molepolole District 2","Plot 1024 Ledumadumane","2021-03-11 16:34:30","26773063040",,"2",
"212","Moshupa District","Plot 1024 Ledumadumane","2021-03-11 16:35:19","26772137841",,"2",
"213","Thamama District","Plot 1024 Ledumadumane","2021-03-11 16:35:52","26771660062",,"2",
"214","Ramotse District","Plot 1024 Ledumadumane","2021-03-11 16:36:30","26774115489",,"2",
"215","Marantlha District","Plot 1024 Ledumadumane","2021-03-11 16:37:09","26771207939",,"2",
"216","Kanye District 1","Plot 1024 Ledumadumane","2021-03-11 16:37:45","26771765312",,"2",
"217","Kanye District 2","Plot 1024 Ledumadumane","2021-03-11 16:38:15","26771669658",,"2",
"218","Jwaneng District","Plot 1024 Ledumadumane","2021-03-11 16:38:43","26775778305",,"2",
"219","Kgalagadi North District 1","Plot 1024 Ledumadumane","2021-03-11 16:39:18","26776812677",,"2",
"220","Kgalagadi North District 2","Plot 1024 Ledumadumane","2021-03-11 16:39:57","26773298863",,"2",
"221","Kgalagadi South District","Plot 1024 Ledumadumane","2021-03-11 16:40:38","26771557763",,"2",
"222","Ghanzi District 1","Plot 1024 Ledumadumane","2021-03-11 16:42:04","26774248342",,"2",
"223","Ghanzi District 2","Plot 1024 Ledumadumane","2021-03-11 16:45:09","26773227684",,"2",
"224","My Hope District","Plot 1024 Ledumadumane","2021-03-11 16:45:44","26776839542",,"2",
"225","UB / Institutions","Plot 1024 Ledumadumane","2021-03-11 16:51:43","26776844387",,"2",
"226","Kaoma West Mission District","Luampa road","2021-03-14 09:49:14","260977526408",,"39",
"227","AMBATOLAMPY","AMBATOLAMPY","2021-03-15 10:18:17","346791482",,"3",
"228","ANOSIBE","ANOSIBE","2021-03-15 10:20:31","347242410",,"3",
"229","Fianarantsoa Est","Fianarantsoa","2021-03-15 10:20:36","261333710666",,"10",
"230","AMBOHIJAFY","AMBOHIJAFY","2021-03-15 10:21:50","340218777",,"3",
"231","AMBOHIMANGAKELY","AMBOHIMANGAKELY","2021-03-15 10:24:58","348566874",,"3",
"232","BETAFO","BETAFO","2021-03-15 10:30:37","343605490",,"3",
"233","Antsiranana","Boulevard Sylvain Roux, Tanambao Antsiranana","2021-03-15 10:45:31","341468051",,"7",
"234","AMBOHIBARY","AMBOHIBARY","2021-03-15 10:48:55","347050538",,"3",
"235","AMBOHIJANAKA","AMBOHIJANAKA","2021-03-15 14:49:03","347271330",,"3",
"236","AMBOHIMANARINA","AMBOHIMANARINA","2021-03-15 14:50:08","348746485",,"3",
"237","AMBOHIMANDROSO","AMBOHIMANDROSO","2021-03-15 15:47:34","341181251",,"3",
"238","AMBOHITRIMANJAKA","AMBOHITRIMANJAKA","2021-03-15 15:48:36","342912387",,"3",
"239","AMPANGABE ILAFY","AMPANGABE ILAFY","2021-03-15 15:49:40","349196836",,"3",
"240","ANALAVORY","ANALAVORY","2021-03-15 15:50:36","345321459",,"3",
"241","ANDRAISORO","ANDRAISORO","2021-03-15 15:51:32","344912777",,"3",
"242","ANDRAMASINA","ANDRAMASINA","2021-03-15 15:53:49","347344049",,"3",
"243","ANDRONDRA","ANDRONDRA","2021-03-15 15:54:48","346109119",,"3",
"244","ANJOZOROBE","ANJOZOROBE","2021-03-15 15:55:56","346944569",,"3",
"245","ANKADINONDRY SAKAY","ANKADINONDRY SAKAY","2021-03-15 15:56:59","340496363",,"3",
"246","ANKAVANDRA","ANKAVANDRA","2021-03-15 15:58:11","341769707",,"3",
"247","ANKAZOBE I","ANKAZOBE I","2021-03-15 16:00:59","343824366",,"3",
"248","ANKAZOBE II","ANKAZOBE II","2021-03-15 16:01:45","343677730",,"3",
"249","ANTANAMALAZA","ANTANAMALAZA","2021-03-15 16:02:57","341073328",,"3",
"250","ANTANIFOTSY","ANTANIFOTSY","2021-03-15 16:03:45","344520079",,"3",
"251","ANTSAHASOA","ANTSAHASOA","2021-03-15 16:04:34","348920217",,"3",
"252","ANTSIRABE MAHAZOARIVO","ANTSIRABE MAHAZOARIVO","2021-03-15 16:06:01","340149515",,"3",
"253","ANTSIRABE TSARASAOTRA","ANTSIRABE TSARASAOTRA","2021-03-15 16:07:00","340940754",,"3",
"254","ARIVONIMAMO","ARIVONIMAMO","2021-03-15 16:08:06","347060588",,"3",
"255","AVARATETEZANA","AVARATETEZANA","2021-03-15 16:08:57","342063243",,"3",
"256","BEHENJY","BEHENJY","2021-03-15 16:10:13","340856773",,"3",
"257","BEMAHATAZANA BELOBAKA","BEMAHATAZANA BELOBAKA","2021-03-15 16:11:12","346733335",,"3",
"258","FARATSIHO","FARATSIHO","2021-03-15 16:12:54","347310166",,"3",
"259","FENOARIVOBE","FENOARIVOBE","2021-03-15 16:14:38","343241740",,"3",
"260","IMERINTSIATOSIKA","IMERINTSIATOSIKA","2021-03-15 16:15:39","344019750",,"3",
"261","ISOTRY","ISOTRY","2021-03-15 16:16:38","340433402",,"3",
"262","IVATO","IVATO","2021-03-15 16:17:20","344744228",,"3",
"263","MAHITSY","MAHITSY","2021-03-15 16:18:11","340423085",,"3",
"264","Kalabo Central Mission District","Kalabo","2021-03-15 21:33:02",,,"39",
"265","Kalabo North Mission District","Kalabo","2021-03-15 21:33:29",,,"39",
"266","Kaoma Central Mission District","Kaoma","2021-03-15 21:33:50",,,"39",
"267","Liumba Mission District","Liumba","2021-03-15 21:34:07",,,"39",
"268","Lukulu Mission District","Lukulu","2021-03-15 21:34:26",,,"39",
"269","Mongu North Mission District","Mongu","2021-03-15 21:34:44",,,"39",
"270","Mongu South Mission District","Mongu","2021-03-15 21:35:01",,,"39",
"271","Senanga Mission District","Senanga","2021-03-15 21:35:20",,,"39",
"272","Sesheke East Mission District","Sesheke","2021-03-15 21:35:38",,,"39",
"273","Sesheke West Mission District","Sesheke","2021-03-15 21:35:54",,,"39",
"274","Shangombo Mission District","Shangombo","2021-03-15 21:36:13",,,"39",
"275","Sikongo Mission District","Sikongo","2021-03-15 21:36:30",,,"39",
"276","Sitoti Mission District","Sitoti","2021-03-15 21:36:46",,,"39",
"277","West Zambezi Mission District","Kalabo","2021-03-15 21:37:45",,,"39",
"278","Fianarantsoa West ","Station Adventiste Antarandolo Fianarantsoa - Madagascar","2021-03-16 08:46:21","261333710654",,"10",
"279","Ivoamba","Eglise Adventiste Ivoamba  Fianarantsoa- Madagascar","2021-03-16 08:50:20","261345502286",,"10",
"280","Ikalamavony","Eglise Adventiste Ampisikinana Ikalamavony - Fianarantsoa  Madagascar","2021-03-16 16:56:35","261333710989",,"10",
"281","Vohibato","Eglise Adventiste Alakamisy Itenina Fianarantsoa Madagascar","2021-03-16 16:59:17","261345313191",,"10",
"282","Sahambavy","Eglise Adventiste Sahambavy Fianarantsoa Madagascar","2021-03-16 17:01:54","261336497572",,"10",
"283","Ambalavao ","Eglise Adventiste Ambalavao Fianarantsoa Madagascar","2021-03-16 17:03:58","261333710648",,"10",
"284","Ambohimahasoa","Eglise Adventiste Ambohimahasoa Fianarantsoa Madagascar","2021-03-16 17:07:08","261345592462",,"10",
"285","Ihosy ","Eglise Adventiste Ihosy Fianarantsoa Madagascar","2021-03-16 17:09:38","261340169777",,"10",
"286","Betroka ","Eglise Adventiste Betroka Fianarantsoa Madagascar","2021-03-16 17:11:17","261333710626",,"10",
"287","Ambositra","Eglise Adventiste Alakamisy Ambositra Fianarantsoa -Madagascar","2021-03-16 17:13:17","261333710661",,"10",
"288","Ambatofinandrahana","Eglise Adventiste Ambatofinandrahana Fianarantsoa - Madagascar","2021-03-16 17:14:40","261333710651",,"10",
"289","Andina","Eglise Adventiste Andina Fianarantsoa -Madagascar","2021-03-16 17:16:51","261340318205",,"10",
"290","Manandriana","Eglise Adventiste Manandriana Fianarantsoa Madagascar","2021-03-16 17:18:10","261333710645",,"10",
"291","Imady ","Eglise Adventiste Anerinerina Imady Fianarantsoa-Madagascar","2021-03-16 17:20:44","261342002410",,"10",
"292","Sandrandahy","Eglise Adventiste Sandrandahy Fianarantsoa -Madagascar","2021-03-16 17:22:21","261344586047",,"10",
"293","Fandriana","Eglise Adventiste Andrarasy Fandriana Madagascar","2021-03-16 17:24:06","261333710652",,"10",
"294","Tsarasaotra","Eglise Adventiste Tsarasaotra Ambositra Madagascar","2021-03-16 17:25:46","261340953525",,"10",
"295","Nosy Varika","Eglise Adventiste Nosy Varika Madagascar","2021-03-16 17:27:39","261349369865",,"10",
"296","Mananjary","Eglise Adventiste Mananjary Madagascar","2021-03-16 17:28:44","261333710638",,"10",
"297","Ikongo","Eglise Adventiste Ikongo Madagascar","2021-03-16 17:29:50","261345429045",,"10",
"298","Ifanadiana","Eglise Adventiste Ifanadiana Madagascar","2021-03-16 17:31:06","261333710655",,"10",
"299","Manakara","Eglise Adventiste Tanambao Manakara -Madagascar","2021-03-16 17:32:10","261333710637",,"10",
"300","Sahasinaka","Eglise Adventiste Sahasinaka Madagascar","2021-03-16 17:33:47","261346422400",,"10",
"301","Vohipeno ","Eglise Adventiste Vohipeno Madagascar","2021-03-16 17:35:45","261333710665",,"10",
"302","Farafangana","Eglise Adventiste Farafangana Madagascar","2021-03-16 17:38:33","261333710659",,"10",
"303","Farafangana","Eglise Adventiste Farafangana Madagascar","2021-03-16 17:40:26","261333710659",,"10",
"304","Vangaindrano","Eglise Adventiste Vangaindrano Madagascar","2021-03-16 17:42:23","26134",,"10",
"305","Solwezi East Mission District","P.O. Box 110186, Solwezi","2021-03-18 13:24:03","260977331270",,"56",
"306","Solwezi West Mission District","Solwezi Town","2021-03-18 13:26:45","260979351324",,"56",
"307","Solwezi Central Mission District","Solwezi Town Centre","2021-03-18 13:29:00","260966824883",,"56",
"308","Kansanshi mission District","Solwezi Town","2021-03-18 13:42:03","979679272",,"56",
"309","Lumwana mission district","Kalumbila Town","2021-03-18 13:46:14","977617051",,"56",
"310","Kalumbila Mission District","Kalumbila Town","2021-03-18 13:49:22","260976699122",,"56",
"311","Mushindamo Mission District","Kipushi Mushindamo","2021-03-18 13:51:42","260965596762",,"56",
"312","Chingola Central Mission District","Chingola Town Centre","2021-03-18 13:53:23","260969947142",,"56",
"313","Chingola East Mission District","Chingola Town","2021-03-18 13:55:42","260965828444",,"56",
"314","Chingola West Mission District","Chingola ","2021-03-18 14:01:46","260969933568",,"56",
"315","Chililabombwe East Mission District","Chililabombwe town","2021-03-18 14:03:35","260971753383",,"56",
"316","Chililabombwe West Mission District","Chililabombwe","2021-03-18 14:06:23","260965298888",,"56",
"317","Mutenda Mission District","Mushindamo","2021-03-18 14:10:31","260977774758",,"56",
"318","Mwinilunga Mission District","Mwinilunga Town","2021-03-18 14:11:48","260975978322",,"56",
"319","Ikelenge Mission District","Ikelenge Town","2021-03-18 14:14:23","260962000064",,"56",
"320","Kasempa Mission District","Kasempa Mission District","2021-03-18 14:18:10","260973145006",,"56",
"321","Mufumbwe Mission District","Mufumbwe Town","2021-03-18 14:19:22","260965521546",,"56",
"322","Manyinga Mission District","Manyinga Town","2021-03-18 14:21:25","260972142185",,"56",
"323","Kasempa Central Mission District","Kasempa","2021-03-18 14:25:23","260962004397",,"56",
"324","Kabompo Mission District","Kabompo Town","2021-03-18 14:26:26","260762474006",,"56",
"325","Zambezi Mission District","Zambezi Town","2021-03-18 14:27:37","260960310190",,"56",
"326","Chavuma Mission District","Chavuma","2021-03-18 14:30:33","260979175738",,"56",
"328","Kabwe Central Mission District","Kabwe","2021-03-19 08:37:23",,,"25",
"332","University Church District","Lusaka","2021-03-19 09:54:57",,,"25",
"333","Butwa Mission District","Butwa","2021-03-19 10:03:41",,,"25",
"334","Bwacha Mission District","Kabwe","2021-03-19 10:04:33",,,"25",
"335","Chelston Church District","Chelston, Lusaka","2021-03-19 10:05:18",,,"25",
"336","Chelston Green Church District","Chelston, Lusaka","2021-03-19 10:06:14",,,"25",
"337","Chelston Mission District","Lusaka","2021-03-19 10:07:03",,,"25",
"338","Chipepo Mission District","Chongwe","2021-03-19 10:07:51",,,"25",
"339","Chisamba East Mission District","Chisamba","2021-03-19 10:08:24",,,"25",
"340","Chongwe North Mission District","Chongwe","2021-03-19 10:08:50",,,"25",
"341","Imansa Mission District","Imansa","2021-03-19 10:09:56",,,"25",
"342","Kabwe East Mission District","Kabwe","2021-03-19 10:10:43",,,"25",
"343","Kabwe West Mission District","Kabwe","2021-03-19 10:11:20",,,"25",
"344","Kalundu Mission District","Lusaka","2021-03-19 10:12:26",,,"25",
"345","Likumbi North Mission District","Likumbi","2021-03-19 10:13:41",,,"25",
"346","Likumbi South Mission District","Likumbi","2021-03-19 10:15:10",,,"25",
"347","Luyando Mission District","Luyando","2021-03-19 10:18:12",,,"25",
"348","Meanwood Mission District","Lusaka","2021-03-19 10:21:10",,,"25",
"349","Mukonchi Mission District","Kapiri Mposhi","2021-03-19 10:33:01",,,"25",
"350","Munali Mission District","Lusaka","2021-03-19 10:40:56",,,"25",
"351","Muswishi Mission District","Muswishi","2021-03-19 10:41:23",,,"25",
"352","Mutenga Mission District","Mutenga","2021-03-19 10:41:59",,,"25",
"353","NGABWE MISSION DISTRICT","NGABWE","2021-03-19 10:47:26",,,"25",
"354","NYANGWENA MISSION DISTRICT","CHONGWE","2021-03-19 10:49:17",,,"25",
"355","RUFUNSA MISSION DISTRICT","CHONGWE","2021-03-19 10:49:48",,,"25",
"356","Barlastone Mission District","Lusaka","2021-03-22 09:58:11",,,"54",
"357","Chisamba West Mission District","Chisamba","2021-03-22 10:02:12",,,"54",
"358","Chiyuni Mission District","Chiyuni","2021-03-22 10:02:41",,,"54",
"359","Garden House Mission District","Lusaka","2021-03-22 10:03:34",,,"54",
"360","Kabangwe Mission District","Chibombo","2021-03-22 10:04:05",,,"54",
"361","Kabile North Mission District","Kabile","2021-03-22 10:04:29",,,"54",
"362","Chibombo Mission District","Chibombo","2021-03-22 10:05:02",,,"54",
"363","Keembe Mission District","Keembe","2021-03-22 10:05:31",,,"54",
"364","Keembe-Katende Mission District","Keembe","2021-03-22 10:06:01",,,"54",
"365","Katuba Mission District","Katuba","2021-03-22 10:06:27",,,"54",
"366","Lusaka City Mission District","Lusaka","2021-03-22 10:15:14",,,"54",
"367","Mumbwa North Mission District","Mumbwa","2021-03-22 10:15:58",,,"54",
"368","Lusaka West Mission District","Lusaka","2021-03-22 10:16:17",,,"54",
"369","Lilanda Mission District","Lusaka","2021-03-22 10:16:46",,,"54",
"370","Mwembeshi Mission District","Mwembeshi","2021-03-22 10:17:27",,,"54",
"371","Mumbwa Mission District","Mumbwa","2021-03-22 10:18:02",,,"54",
"372","Nangoma Mission District","Nangoma","2021-03-22 10:18:25",,,"54",
"373","Mandevu Mission District","Lusaka","2021-03-22 10:18:53",,,"54",
"374","Manda Hill Mission District","Lusaka","2021-03-22 10:19:11",,,"54",
"375","Matero Mission District","Lusaka","2021-03-22 10:20:05",,,"54",
"376","Muchenje Mission District","Muchenje","2021-03-22 10:21:04",,,"54",
"377","Shimukuni Mission District","Shimukuni","2021-03-22 10:21:33",,,"54",
"378","Thornpark Mission District","Lusaka","2021-03-22 10:22:05",,,"54",
"379","CHITUNGWIZA SOUTH","33356 Unit M. Chitungwiza. Zimbabwe","2021-03-22 10:22:29","263772918335",,"44",
"380","STONERIDGE","20080 Stoneridge. Zimbabwe ","2021-03-22 10:24:27","774780811",,"44",
"381","Chiremba West","Hatfield SDA Church, Hatfield Zimbabwe","2021-03-22 10:52:06","263715583246",,"44",
"382","Waterfalls","Waterfalls SDA Church,  Waterfalls, Zimbabwe","2021-03-22 10:57:40","263712780806",,"44",
"383","Retreat","Retreat, Harare","2021-03-22 12:31:08","263712935796","mangwirop@ezc.adventist.org","44",
"384","Harare South","Harare South, Harare","2021-03-22 12:31:08","263774002596","masomeret@ezc.adventist.org","44",
"385","Mutare South West","Mutare, Zimbabwe","2021-03-22 16:37:51","264000000000","bangai@ezc.adventist.org","44",
"386","Overspill","Overspill, Epworth, Zimbabwe","2021-03-22 16:37:52","264000000000","bimhan@ezc.adventist.org","44",
"387","Manyame","Manyame, Chitungwiza","2021-03-22 16:37:52","264000000000","bondel@ezc.adventist.org","44",
"388","Zengeza","Zengeza, Chitungwiza","2021-03-22 16:37:52","264000000000","bundom@ezc.adventist.org","44",
"389","Marange South","Marange, Mutare, Zimbabwe","2021-03-22 16:37:52","264000000000","chimbabdzoc@ezc.adventist.org","44",
"390","Glenara East","Glenara, Harare, Zimbabwe","2021-03-22 16:37:52","264000000000","chinhengoi@ezc.adventist.org","44",
"391","Parktown","Parktown, Waterfalls, Harare","2021-03-22 16:37:52","264000000000","chinoshavaa@ezc.adventist.org","44",
"392","Chitungwiza East","Seke, Chitungwiza","2021-03-22 16:37:52","264000000000","chinuwoj@ezc.adventist.org","44",
"393","Mutare West","Mutare, Zimbabwe","2021-03-22 16:37:52","264000000000","chipunzas@ezc.adventist.org","44",
"394","Nyanga North","Nyanga, Zimbabwe","2021-03-22 16:37:52","264000000000","chirumej@ezc.adventist.org","44",
"395","Headlands East","Headlands, Zimbabwe","2021-03-22 16:37:52","264000000000","chisenyev@ezc.adventist.org","44",
"396","Marondera West","Marondera, Zimbabwe","2021-03-22 16:37:52","264000000000","chituraf@ezc.adventist.org","44",
"397","Chimanimani","Chimanimani, Zimbabwe","2021-03-22 16:37:52","264000000000","dubec@ezc.adventist.org","44",
"398","Chipinge South","Chipinge, Zimbabwe","2021-03-22 16:37:52","264000000000","garaig@ezc.adventist.org","44",
"399","Mutare Multicultural","Mutare, Zimbabwe","2021-03-22 16:37:52","264000000000","halll@ezc.adventist.org","44",
"400","Harare Multiculture B","Harare, Zimbabwe","2021-03-22 16:37:52","264000000000","jacksoni@ezc.adventist.org","44",
"401","Rusape","Rusape, Zimbabwe","2021-03-22 16:37:52","264000000000","jarat@ezc.adventist.org","44",
"402","Buhera South","Buhera, Zimbabwe","2021-03-22 16:37:52","264000000000","karavandah@ezc.adventist.org","44",
"403","Makoni Central","Makoni, Rusape, Zimbabwe","2021-03-22 16:37:52","264000000000","kashirij@ezc.adventist.org","44",
"404","Harare Multiculture A","Harare, Zimbabwe","2021-03-22 16:37:52","264000000000","katushad@ezc.adventist.org","44",
"405","Mutasa","Mutasa, Zimbawe","2021-03-22 16:37:52","264000000000","kavazak@ezc.adventist.org","44",
"406","Chipinge North","Chipinge, Zimbabwe","2021-03-22 16:37:52","264000000000","kundhlandem@ezc.adventist.org","44",
"407","Zimre","Zimre Park, Harare, Zimbabwe","2021-03-22 16:37:53","264000000000","machamiret@ezc.adventist.org","44",
"408","Mutare East","Mutare, Zimbabwe","2021-03-22 16:37:53","264000000000","madea@ezc.adventist.org","44",
"409","Chitungwiza Central","Seke, Chitungwiza, Harare","2021-03-22 16:37:53","264000000000","mandenderae@ezc.adventist.org","44",
"410","Chivhu East","Chivhu, Zimbabwe","2021-03-22 16:37:53","264000000000","mangomae@ezc.adventist.org","44",
"411","Nyanyadzi","Nyanyadzi, Zimbabwe","2021-03-22 16:37:53","264000000000","mapungwek@ezc.adventist.org","44",
"412","Damofalls","Damofalls, Harare, Zimbabwe","2021-03-22 16:37:53","264000000000","mashinyai@ezc.adventist.org","44",
"413","Ruwa","Ruwa, Harare, Zimbawe","2021-03-22 16:37:53","264000000000","matemak@ezc.adventist.org","44",
"414","Buhera North","Buhera, Zimbabwe","2021-03-22 16:37:53","264000000000","matiwonel@ezc.adventist.org","44",
"415","Chitungwiza North","Seke, Chitungwiza, Harare","2021-03-22 16:37:53","264000000000","mbiraf@ezc.adventist.org","44",
"416","City West","Harare, Zimbabwe","2021-03-22 16:37:53","264000000000","mbirirw@ezc.adventist.org","44",
"417","Makoni East","Makoni, Rusape, Zimbabwe","2021-03-22 16:37:53","264000000000","mlambop@ezc.adventist.org","44",
"418","Makoni South","Makoni, Rusape, Zimbabwe","2021-03-22 16:37:53","264000000000","mogodzwat@ezc.adventist.org","44",
"419","Glenara South","Glenara, Harare, Zimbabwe","2021-03-22 16:37:53","264000000000","motsip@ezc.adventist.org","44",
"420","Eastview","Eastview, Mabvuku, Harare","2021-03-22 16:37:53","264000000000","motsir@ezc.adventist.org","44",
"421","Chiremba South","Chiremba, Zimbabwe","2021-03-22 16:37:53","264000000000","muchokok@ezc.adventist.org","44",
"422","Makoni West","Makoni, Rusape, Zimbabwe","2021-03-22 16:37:54","264000000000","mudhaburam@ezc.adventist.org","44",
"423","Macheke","Macheke, Zimbawe","2021-03-22 16:37:54","264000000000","mukahadzik@ezc.adventist.org","44",
"424","Anderson Mutiwereshiri","Mutiweshiri, Zimbabwe","2021-03-22 16:37:54","264000000000","muguzurij@ezc.adventist.org","44",
"425","Chiduku North","Chiduku, Zimbabwe","2021-03-22 16:37:54","264000000000","matambok@ezc.adventist.org","44",
"426","Mafara","Mabvuku, Tafara, Harare","2021-03-22 16:37:54","264000000000","mukwadat@ezc.adventist.org","44",
"427","Nyazura","Nyazura, Zimbabwe","2021-03-22 16:37:54","264000000000","mupitah@ezc.adventist.org","44",
"428","Harare Central","Mbare, Harare, Zimbawe","2021-03-22 16:37:54","264000000000","musarae@ezc.adventist.org","44",
"429","Karirwi","Karirwi, Zimbabwe","2021-03-22 16:37:54","264000000000","musarah@ezc.adventist.org","44",
"430","City East","Harare, Zimbabwe","2021-03-22 16:37:54","264000000000","musvosvij@ezc.adventist.org","44",
"431","Mutare South East","Mutare, Zimbabwe","2021-03-22 16:37:54","264000000000","mutaraa@ezc.adventist.org","44",
"432","Honde Valley","Honde Valley, Zimbabwe","2021-03-22 16:37:54","264000000000","mutariw@ezc.adventist.org","44",
"433","Seke","Seke, Chitungwiza, Harare","2021-03-22 16:37:54","264000000000","muteveric@ezc.adventist.org","44",
"434","Chiduku South","Chiduku, Zimbabwe","2021-03-22 16:37:54","264000000000","mutewerij@ezc.adventist.org","44",
"435","Wedza","Wedza, Zimbabwe","2021-03-22 16:37:54","264000000000","muzamhindot@ezc.adventist.org","44",
"436","Chiremba North","Chiremba, Zimbabwe","2021-03-22 16:37:54","264000000000","muziraj@ezc.adventist.org","44",
"437","Nyanga South","Nyanga, Zimbabwe","2021-03-22 16:37:54","264000000000","ndlovui@ezc.adventist.org","44",
"438","Juru","Juru, Zimbabwe","2021-03-22 16:37:54","264000000000","ngirishiam@ezc.adventist.org","44",
"439","Chiremba Central","Chiremba, Zimbabwe","2021-03-22 16:37:54","264000000000","phiriw@ezc.adventist.org","44",
"440","Glenara","Glenara, Harare, Zimbabwe","2021-03-22 16:37:55","264000000000","rangariral@ezc.adventist.org","44",
"441","Marondera East","Marondera, Zimbabwe","2021-03-22 16:37:55","264000000000","rwizir@ezc.adventist.org","44",
"442","Nyahuni","Nyahuni, Zimbabwe","2021-03-22 16:37:55","264000000000","shumbad@ezc.adventist.org","44",
"443","Marange North","Marange, Mutare, Zimbabwe","2021-03-22 16:37:55","264000000000","takaendesad@ezc.adventist.org","44",
"444","Hilside","Hilside, Harare, Zimbabwe","2021-03-22 16:37:55","264000000000","takawirat@ezc.adventist.org","44",
"445","Chivhu West","Chivhu, Zimbabwe","2021-03-22 16:37:55","264000000000","tinaapic@ezc.adventist.org","44",
"446","Headlands West","Headlands, Zimbabwe","2021-03-22 16:37:55","264000000000","zembet@ezc.adventist.org","44",
"447","Goromonzi","Goromonzi, Zimbabwe","2021-03-22 16:37:55","264000000000","zhanjee@ezc.adventist.org","44",
"448","Nyambiri","Nyambiri, Zimbabwe","2021-03-22 16:37:55","264000000000","zinganayit@ezc.adventist.org","44",
"449","Chikanga","Chikanga, Zimbabwe","2021-03-22 16:37:55","264000000000","zvenyeret@ezc.adventist.org","44",
"450","Anivorano Nord","Boulevard Sylvain Roux, Tanambao Antsiranana","2021-03-25 09:07:04",,,"7",
"451","Ambilobe Nord","Eglise Adventist Anoronala ","2021-03-25 09:25:46",,,"7",
"452","Eden University Church","Lusaka","2021-03-25 09:26:36",,,"54",
"453","Ambilobe Sud","Eglise Adventiste Matiakoho","2021-03-25 09:47:23",,,"7",
"454","SIRAMA","Eglise Adventiste Ambodivoanio","2021-03-25 09:53:03",,,"7",
"455","Sambirano Ambany","Eglise Adventiste Ankatafahely","2021-03-25 10:07:20",,,"7",
"456","Nosy Be ","Eglise Adventiste Maranata","2021-03-25 10:09:50",,,"7",
"457","Vohemar Nord","Eglise Adventiste Andranomasibe I","2021-03-25 10:11:46",,,"7",
"458","Vohemar Sud","Eglise Adventiste Amboronana","2021-03-25 10:12:58",,,"7",
"459","Ampanefena","Eglise Adventiste Ampanefena","2021-03-25 10:15:13",,,"7",
"460","Sambava","Eglise Adventiste Sambava Centre","2021-03-25 10:16:41",,,"7",
"461","Bemanevika","Eglise Adventiste Bemanevika","2021-03-25 10:17:42",,,"7",
"462","Anjinjaomby","Eglise Adventiste Anjinjaomby","2021-03-25 10:19:15",,,"7",
"463","Amboangibe","Eglise Adventiste Amboangibe","2021-03-25 10:20:07",,,"7",
"464","Ambodiampana","Eglise Adventiste Ambodiampana","2021-03-25 10:21:04",,,"7",
"465","Antalaha Nord","Eglise Adventiste Tanambao","2021-03-25 10:21:58",,,"7",
"466","Antalaha Sud","Eglise Adventiste Ambondrona","2021-03-25 10:22:45",,,"7",
"467","Andapa","Eglise Adventiste Ankevaheva","2021-03-25 10:23:35",,,"7",
"468","Sahamazava","Lycee Adventiste Ankevaheva","2021-03-25 10:25:44",,,"7",
"469","Bealampona","Eglise Adventiste Bealampona","2021-03-25 10:26:36",,,"7",
"470","Ambodiangezoka","Eglise Adventiste Ambodiangezoka","2021-03-25 10:29:57",,,"7",
"471","Doany","Eglise Adventiste Doany","2021-03-25 10:30:44",,,"7",
"477","Gleneagles","musadembap@nzc.adventist.org","2021-03-25 15:28:38","776185261","musadembap@nzc.adventist.org","46",
"478","Chegutu",,"2021-03-25 15:28:38","775097161","chikwamak@nzc.adventist.org","46",
"479","Chinhoyi North",,"2021-03-25 15:28:38","774114893","musiiwac@nzc.adventist.org","46",
"480","Chinhoyi South",,"2021-03-25 15:28:38","774544695","marandures@nzc.adventist.org","46",
"481","Dzivarasekwa East","Dzivarasekwa","2021-03-25 15:28:38","773662423","parangetat@nzc.adventist.org","46",
"482","Dzivarasekwa West",,"2021-03-25 15:28:38","772877628","greenb@nzc.adventist.org","46",
"486","Budiriro",,"2021-03-25 15:28:38","712768550","mapiyed@nzc.adventist.org","46",
"487","Norton ",,"2021-03-25 15:28:38","773934040","muzanenhamom@nzc.adventist.org","46",
"488","Norton South",,"2021-03-25 15:28:38","773548706","chikunit@nzc.adventist.org","46",
"489","Harare Central",,"2021-03-25 15:28:38","773466555","mangwendean@nzc.adventist.org","46",
"490","Harare North",,"2021-03-25 15:28:38","774002597","tsotsomac@nzc.adventist.org","46",
"491","Hatcliffe",,"2021-03-25 15:28:38","772382260","hwararig@nzc.adventist.org","46",
"492","Highfield",,"2021-03-25 15:28:38","772397880","nyahuyet@nzc.adventist.org","46",
"493","Hurungwe East",,"2021-03-25 15:28:38","774002578","sewerat@nzc.adventist.org","46",
"494","Hurungwe West",,"2021-03-25 15:28:39","773718343","shumbag@nzc.adventist.org","46",
"495","Kambuzuma",,"2021-03-25 15:28:39","772896015","mhanduw@nzc.adventist.org","46",
"497","Lakeside",,"2021-03-25 15:28:39","716091144","mubonderip@nzc.adventist.org","46",
"498","Kuwadzana ",,"2021-03-25 15:28:39","772853282","rwodzig@nzc.adventist.org","46",
"499","Mauya",,"2021-03-25 15:28:39","774525505","chikukwat@nzc.adventist.org","46",
"500","Mazoe",,"2021-03-25 15:28:39","7736598831","nyanhandad@nzc.adventist.org","46",
"501","Mhondoro",,"2021-03-25 15:28:39","733004644","mitipelag@nzc.adventist.org","46",
"502","Guruve",,"2021-03-25 15:28:39","773852127","chinyowat@nzc.adventist.org","46",
"504","Mudzi",,"2021-03-25 15:28:39","773933137","mandinao@nzc.adventist.org","46",
"505","Mufakose",,"2021-03-25 15:28:39","778223063","chinowaital@nzc.adventist.org","46",
"506","Murehwa",,"2021-03-25 15:28:39","774351226","ngorimar@nzc.adventist.org","46",
"507","Murombedzi",,"2021-03-25 15:28:39","713106399","nyatangae@nzc.adventist.org","46",
"508","Mutoko",,"2021-03-25 15:28:39","734856799","chizhandei@nzc.adventist.org","46",
"509","Muzarabani",,"2021-03-25 15:28:39","772890965","mavezerev@nzc.adventist.org","46",
"510","Golden stairs east",,"2021-03-25 15:28:39","733088622","mavhundutses@nzc.adventist.org","46",
"511","Ruya",,"2021-03-25 15:28:39","773065141","utetew@nzc.adventist.org","46",
"512","Banket",,"2021-03-25 15:28:39","778075272","pfumov@nzc.adventist.org","46",
"514","Golden stairs West",,"2021-03-25 15:28:39","774544695","mutimwiit@nzc.adventist.org","46",
"516","Shamva",,"2021-03-25 15:28:39","774371779","shambareb@nzc.adventist.org","46",
"517","Mhangura",,"2021-03-25 15:28:39","783612924","ruwambarat@nzc.adventist.org","46",
"518","Westgate",,"2021-03-25 15:28:39","783060877","dzvairoo@nzc.adventist.org","46",
"520","Mt Darwin",,"2021-03-25 15:28:40","773593114","matongoe@nzc.adventist.org","46",
"523","Bindura West","alisone@nzc.adventist.org","2021-03-25 15:45:13","777769820",,"46",
"525","Uzumba","chipisanit@nzc.adventist.org","2021-03-25 15:49:12","778968420",,"46",
"526","Uzumba Maramba","chigoneror@nzc.adventist.org","2021-03-25 15:50:05","773545248",,"46",
"528","Glenarah North","266 Glen Forest","2021-03-26 12:00:08","772155843",,"46",
"529","Kariba District","117B Isoka MahombekombeÂ  Kariba","2021-03-26 12:00:09","774407343",,"46",
"530","Bindura  East","Chipindura High School Box 317, Bindura","2021-03-26 13:33:26","772745640",,"46",
"531","Harare English ","20 Stour Road Vainona","2021-03-28 08:03:30","772869368",,"46",
"533","First District","testingtesting","2021-03-28 11:12:07","123456",,"57",
"535","Glenview","Glenview 3 Main","2021-03-29 16:01:58","773574815",,"46",
"536","Lusaka North District","Lusaka","2021-03-29 20:05:16",,,"54",
"537","Magoye","Magoye","2021-03-30 11:20:44","979070061",,"38",
"538","Mbabala","Choma","2021-03-30 11:22:40","977510535",,"38",
"539","Monze South","Monze","2021-03-30 11:24:23","977469087",,"38",
"540","Mazabuka North","Mazabuka","2021-03-30 11:27:27","979939997",,"38",
"541","Mazabuka East","Mazabuka","2021-03-30 11:29:47","975101032",,"38",
"542","Keemba","Monze","2021-03-30 11:31:56","977980018",,"38",
"543","Choma Central Church","Choma","2021-03-30 11:33:06","977174618",,"38",
"544","Mambova","Livingstone","2021-03-30 11:33:58","974134616",,"38",
"545","Zimba","Zimba","2021-03-30 11:34:39","979402708",,"38",
"546","Bweengwa","Monze","2021-03-30 11:35:40","976867284",,"38",
"547","Mazabuka West","Mazabuka","2021-03-30 11:36:22","976442068",,"38",
"548","Mazabuka South","Mazabuka ","2021-03-30 11:37:12","976582767",,"38",
"550","Rusangu Secondary School","Monze","2021-03-30 11:41:01","979524287",,"38",
"551","Hillcrest Church ","Livingstone","2021-03-30 11:42:14","976197710",,"38",
"552","Livingstone East","Livingstone","2021-03-30 11:43:13","976903270",,"38",
"553","Rusangu Mission","Monze","2021-03-30 11:43:53","955443299",,"38",
"554","Bbombo","Monze ","2021-03-30 11:49:09","977860929",,"38",
"555","Kabulamwanda","Namwala","2021-03-30 11:50:09","977683891",,"38",
"556","Demu","Pemba","2021-03-30 11:50:51","976552593",,"38",
"557","Livingstone North","Livingstone","2021-03-30 11:51:40","979050085",,"38",
"558","Kalomo","Kalomo","2021-03-30 11:55:28","977990374",,"38",
"559","Namwala","Namwala","2021-03-30 11:57:04","953105013",,"38",
"560","Livingstone South","Livingstone","2021-03-30 11:58:01","971714187",,"38",
"561","Siavonga","Siavonga","2021-03-30 11:58:47","977323068",,"38",
"562","Siasikabole","Choma","2021-03-30 11:59:49","979151945",,"38",
"563","Kaumba","Monze","2021-03-30 12:00:30","977683834",,"38",
"564","Nadezwe","Mazabuka","2021-03-30 12:01:24","979189248",,"38",
"565","Kasukwe","Choma","2021-03-30 12:01:55","977832315",,"38",
"566","Itezhi-tezhi ","Itezhi-tezhi","2021-03-30 12:02:49","973303331",,"38",
"567","Choma East","Choma","2021-03-30 12:03:59","979518585",,"38",
"568","Sikatumba","Choma","2021-03-30 12:05:24","950581633",,"38",
"569","Bbilili","Kalomo","2021-03-30 12:06:03","977427965",,"38",
"570","Dimbwe","Kalomo","2021-03-30 12:06:30","770890700",,"38",
"571","Chipepo/Munyumbwe","Monze","2021-03-30 12:07:29","978630198",,"38",
"572","Namakube","Choma","2021-03-30 12:08:36","979349504",,"38",
"573","Mapatizya","Kalomo","2021-03-30 12:09:13","954060332",,"38",
"574","Kazungula","Monze","2021-03-30 12:10:13","974393364",,"38",
"575","Maamba","Maamba","2021-03-30 12:10:45","977510585",,"38",
"576","Chirundu","Chirundu","2021-03-30 12:11:15","977336414",,"38",
"577","Mbila","Namwala","2021-03-30 12:12:01","977296571",,"38",
"578","Monze North","Monze","2021-03-30 12:12:53","978500096",,"38",
"579","Choma West","Choma","2021-03-30 12:13:39","976684408",,"38",
"582","Glenorah","Glen Eden","2021-03-30 14:21:52","772932193",,"46",
"585","Bangweulu North Mission District ","Samfya ","2021-04-03 08:03:57","260977865054",,"24",
"586","Bangweulu South Mission District","Samfya","2021-04-03 08:05:12","260976904576",,"24",
"588","Chilubi Mission District","Chilubi ","2021-04-03 08:09:04","260972797087",,"24",
"591","Mansa Central Mission district","Mansa ","2021-04-03 08:19:16","260977865054",,"24",
"592","Mansa West Mission district","Mansa","2021-04-03 08:20:09","260977104186",,"24",
"593","Mansa East Mission district","Mansa","2021-04-03 08:21:22","260977381648",,"24",
"594","Mansa Midlands Mission district","Mansa","2021-04-03 08:22:14","260979719671",,"24",
"595","Mansa North Mission district","Mansa","2021-04-03 08:23:36","260977760574",,"24",
"596","Chembe Mission District ","Chembe ","2021-04-03 08:26:01","260977505649",,"24",
"597","Mwense North Mission District","Mwense","2021-04-03 08:27:30","260977454807",,"24",
"598","Mwense South Mission District","Mwense","2021-04-03 08:29:03","260977656656",,"24",
"599","Kazembe Mission District","Mwansabombwe","2021-04-03 08:30:57","260974105405",,"24",
"600","Kawambwa Mission District","Kawambwa","2021-04-03 08:33:13","260975658450",,"24",
"601","Luena Mission District","Kawambwa","2021-04-03 08:34:13","260977624938",,"24",
"602","Chimpempe Mission District ","Kawambwa","2021-04-03 08:36:05","260954379159",,"24",
"604","Kashikishi Mission District","Nchelenge ","2021-04-03 08:37:54","26097269888",,"24",
"605","Nchelenge Mission District","Nchelenge","2021-04-03 08:39:06","260972353360",,"24",
"606","Mweru South Mission District","Nchelenge","2021-04-03 08:40:21","26097269888",,"24",
"607","Mweru North Mission District","Chienge","2021-04-03 08:41:29","260978352670",,"24",
"608","Nsama Mission District","Nsama","2021-04-03 08:42:39","260978962672",,"24",
"609","Chienge Mission District ","chienge","2021-04-03 08:43:34","260975926175",,"24",
"610","Kaputa Mission District","Kaputa","2021-04-03 08:44:33","260979957777",,"24",
"611","Ngumbo Mission District","Chifunabuli","2021-04-03 08:45:49","260978749977",,"24",
"612","Chipili Mission District ","Chipili","2021-04-03 08:47:11","260976356931",,"24",
"613","Lunchinda Mission District","Chienge","2021-04-03 08:49:42","260974437486",,"24",
